REM, GAME: 犬夜叉(GBA) AGB-AIYJ
START,000AAF60
END, 0011747F
00,(0)
01,[SEQ]
02,[SEQ]
03,[SEQ]
04,[SEQ]
05,[SEQ]
06,[SEQ]
REM,7～Fはゲーム中だと全角スペース
07,(7)
08,(8)
09,(9)
0A,(A)
0B,(B)
0C,(C)
0D,(D)
0E,(E)
0F,(F)
10,(プレイヤー)
11,(性別)
12,(ちゃん/くん)
REM,13h ... VOICE, VoiceID, CharactorID
13,[SEQ]

REM, 文字列変数, FF FF FFで終端？
14,[SEQ]
14FF,[SEQ]
14FFFF,[SEQ]
14FFFFFF,(文字列)

REM,以下のＣＭＤはFF FFで終端っぽい？
REM,15は引数の3バイトがlengthで、それに応じて後続の長さが変わるっぽい
15,[CMD_W3]不明０
REM,16, 17は引数サイズが4で固定っぽい
16,[CMD_W4]分岐０
17,[CMD_W4]不明２

18,[CMD_W2]選択
19,(変数1)
1A,(1A)
1B,(1B)
1C,(1C)
1D,[\n]
1E,[PRESS A]
1F,[NULL]
20,　
21,A
22,B
23,C
24,D
25,E
26,F
27,G
28,H
29,I
2A,J
2B,K
2C,L
2D,M
2E,N
2F,O
30,P
31,Q
32,R
33,S
34,T
35,U
36,V
37,W
38,X
39,Y
3A,Z
3B,a
3C,b
3D,c
3E,d
3F,e
40,f
41,g
42,h
43,i
44,j
45,k
46,l
47,m
48,n
49,o
4A,p
4B,q
4C,r
4D,s
4E,t
4F,u
50,v
51,w
52,x
53,y
54,z
55,[SP]
56,0
57,1
58,2
59,3
5A,4
5B,5
5C,6
5D,7
5E,8
5F,9
60,ぁ
61,あ
62,ぃ
63,い
64,ぅ
65,う
66,ぇ
67,え
68,ぉ
69,お
6A,か
6B,が
6C,き
6D,ぎ
6E,く
6F,ぐ
70,け
71,げ
72,こ
73,ご
74,さ
75,ざ
76,し
77,じ
78,す
79,ず
7A,せ
7B,ぜ
7C,そ
7D,ぞ
7E,た
7F,だ
80,ち
81,ぢ
82,っ
83,つ
84,づ
85,て
86,で
87,と
88,ど
89,な
8A,に
8B,ぬ
8C,ね
8D,の
8E,は
8F,ば
90,ぱ
91,ひ
92,び
93,ぴ
94,ふ
95,ぶ
96,ぷ
97,へ
98,べ
99,ぺ
9A,ほ
9B,ぼ
9C,ぽ
9D,ま
9E,み
9F,む
A0,め
A1,も
A2,ゃ
A3,や
A4,ゅ
A5,ゆ
A6,ょ
A7,よ
A8,ら
A9,り
AA,る
AB,れ
AC,ろ
AD,わ
AE,を
AF,ん
B0,ァ
B1,ア
B2,ィ
B3,イ
B4,ゥ
B5,ウ
B6,ェ
B7,エ
B8,ォ
B9,オ
BA,カ
BB,ガ
BC,キ
BD,ギ
BE,ク
BF,グ
C0,ケ
C1,ゲ
C2,コ
C3,ゴ
C4,サ
C5,ザ
C6,シ
C7,ジ
C8,ス
C9,ズ
CA,セ
CB,ゼ
CC,ソ
CD,ゾ
CE,タ
CF,ダ
D0,チ
D1,ヂ
D2,ッ
D3,ツ
D4,ヅ
D5,テ
D6,デ
D7,ト
D8,ド
D9,ナ
DA,ニ
DB,ヌ
DC,ネ
DD,ノ
DE,ハ
DF,バ
E0,パ
E1,ヒ
E2,ビ
E3,ピ
E4,フ
E5,ブ
E6,プ
E7,ヘ
E8,ベ
E9,ペ
EA,ホ
EB,ボ
EC,ポ
ED,マ
EE,ミ
EF,ム
F0,メ
F1,モ
F2,ャ
F3,ヤ
F4,ュ
F5,ユ
F6,ョ
F7,ヨ
F8,ラ
F9,リ
FA,ル
FB,レ
FC,ロ
FD,ワ
FE,ヲ
FF,ン
F0000,
0100,ゐ
0101,ゑ
0102,ヰ
0103,ヱ
0104,?
0105,ヴ
0106,ゎ
0107,ゃ
0108,ヶ
0109,っ
010A,々
010B,ー
010C,！
010D,？
010E,、
010F,。
0110,・
0111,…
0112,.
0113,，
0114,：
0115,；
0116,゛
0117,゜
0118,（
0119,）
011A,「
011B,」
011C,『
011D,』
011E,～
011F,ー
0120,!!
0121, !?
0122,??
0123,《
0124,＝
0125,《
0126,+
0127,-
0128,±
0129,/
012A,＊
012B,[
012C,○
012D,△
012E,□
012F,×
0130,★
0131,♥
0132,♪
0133,→
0134,←
0135,　 
0136,～
0137,～
0138,}
0139,゛
013A,　
013B,＆
013C,■13c
013D,■13d
013E,■13e
013F,■13f
0140,一
0141,二
0142,三
0143,四
0144,五
0145,六
0146,七
0147,八
0148,九
0149,十
014A,百
014B,千
014C,万
014D,■14d
014E,■14e
014F,■14f
REM,ここの数字は半幅
0150,0
0151,一
0152,二
0153,二
0154,二
0155,五
0156,六
0157,七
0158,八
0159,九
015A,十
015B,百
015C,千
015D,万
015E,[015E]
015F,[015F]
0160,[0160]
0161,[0161]
0162,[0162]
0163,[0163]
0164,[0164]
0165,[0165]
0166,[0166]
0167,[0167]
0168,[0168]
0169,[0169]
016A,[016A]
016B,[016B]
016C,[016C]
016D,[016D]
016E,[016E]
016F,[016F]
0170,[0170]
0171,[0171]
0172,[0172]
0173,[0173]
0174,[0174]
0175,[0175]
0176,[0176]
0177,[0177]
0178,[0178]
0179,[0179]
017A,[017A]
017B,[017B]
017C,[017C]
017D,[017D]
017E,[017E]
017F,[017F]
0180,[0180]
0181,[0181]
0182,[0182]
0183,[0183]
0184,[0184]
0185,[0185]
0186,[0186]
0187,[0187]
0188,[0188]
0189,[0189]
018A,[018A]
018B,[018B]
018C,[018C]
018D,[018D]
018E,[018E]
018F,[018F]
0190,[0190]
0191,[0191]
0192,[0192]
0193,[0193]
0194,[0194]
0195,[0195]
0196,[0196]
0197,[0197]
0198,[0198]
0199,[0199]
019A,[019A]
019B,[019B]
019C,[019C]
019D,[019D]
019E,[019E]
019F,[019F]
01A0,[01A0]
01A1,[01A1]
01A2,[01A2]
01A3,[01A3]
01A4,[01A4]
01A5,[01A5]
01A6,[01A6]
01A7,[01A7]
01A8,[01A8]
01A9,[01A9]
01AA,[01AA]
01AB,[01AB]
01AC,[01AC]
01AD,[01AD]
01AE,[01AE]
01AF,[01AF]
01B0,[01B0]
01B1,[01B1]
01B2,[01B2]
01B3,[01B3]
01B4,[01B4]
01B5,[01B5]
01B6,[01B6]
01B7,[01B7]
01B8,[01B8]
01B9,[01B9]
01BA,[01BA]
01BB,[01BB]
01BC,[01BC]
01BD,[01BD]
01BE,[01BE]
01BF,[01BF]
01C0,[01C0]
01C1,[01C1]
01C2,[01C2]
01C3,[01C3]
01C4,[01C4]
01C5,[01C5]
01C6,[01C6]
01C7,[01C7]
01C8,[01C8]
01C9,[01C9]
01CA,[01CA]
01CB,[01CB]
01CC,[01CC]
01CD,[01CD]
01CE,[01CE]
01CF,[01CF]
01D0,[01D0]
01D1,[01D1]
01D2,[01D2]
01D3,[01D3]
01D4,[01D4]
01D5,[01D5]
01D6,[01D6]
01D7,[01D7]
01D8,[01D8]
01D9,[01D9]
01DA,[01DA]
01DB,[01DB]
01DC,[01DC]
01DD,[01DD]
01DE,[01DE]
01DF,[01DF]
01E0,[01E0]
01E1,[01E1]
01E2,[01E2]
01E3,[01E3]
01E4,[01E4]
01E5,[01E5]
01E6,[01E6]
01E7,[01E7]
01E8,[01E8]
01E9,[01E9]
01EA,[01EA]
01EB,[01EB]
01EC,[01EC]
01ED,[01ED]
01EE,[01EE]
01EF,[01EF]
01F0,[01F0]
01F1,[01F1]
01F2,[01F2]
01F3,[01F3]
01F4,[01F4]
01F5,[01F5]
01F6,[01F6]
01F7,[01F7]
01F8,[01F8]
01F9,[01F9]
01FA,[01FA]
01FB,[01FB]
01FC,[01FC]
01FD,[01FD]
01FE,[01FE]
01FF,[01FF]
0200,位
0201,違
0202,印
0203,右
0204,炎
0205,火
0206,花
0207,回
0208,間
0209,脚
020A,空
020B,血
020C,玄
020D,紅
020E,号
020F,札
0210,参
0211,射
0212,収
0213,蹴
0214,信
0215,振
0216,刃
0217,清
0218,施
0219,全
021A,早
021B,束
021C,足
021D,袋
021E,弾
021F,爪
0220,刀
0221,動
0222,毒
0223,波
0224,発
0225,飛
0226,武
0227,部
0228,封
0229,放
022A,方
022B,砲
022C,矢
022D,枷
022E,榴
022F,果
0230,牙
0231,蛾
0232,楽
0233,丸
0234,桔
0235,逆
0236,結
0237,犬
0238,瑚
0239,梗
023A,鋼
023B,叉
023C,殺
023D,珊
023E,神
023F,人
0240,翠
0241,生
0242,椿
0243,天
0244,桃
0245,奈
0246,日
0247,髪
0248,暮
0249,宝
024A,満
024B,無
024C,名
024D,夜
024E,弥
024F,羅
0250,落
0251,翡
0252,勒
0253,移
0254,運
0255,壊
0256,怪
0257,管
0258,鑑
0259,顔
025A,基
025B,具
025C,経
025D,撃
025E,件
025F,験
0260,庫
0261,御
0262,語
0263,幸
0264,攻
0265,魂
0266,作
0267,次
0268,重
0269,勝
026A,常
026B,情
026C,条
026D,図
026E,数
026F,設
0270,戦
0271,村
0272,断
0273,値
0274,中
0275,通
0276,定
0277,的
0278,闘
0279,道
027A,徳
027B,能
027C,敗
027D,番
027E,表
027F,秒
0280,不
0281,保
0282,歩
0283,防
0284,北
0285,本
0286,命
0287,目
0288,妖
0289,用
028A,要
028B,利
028C,率
028D,力
028E,止
028F,悪
0290,汚
0291,会
0292,解
0293,開
0294,業
0295,穴
0296,見
0297,言
0298,誤
0299,行
029A,砕
029B,昨
029C,散
029D,師
029E,思
029F,視
02A0,自
02A1,女
02A2,傷
02A3,線
02A4,段
02A5,昼
02A6,鉄
02A7,得
02A8,破
02A9,爆
02AA,普
02AB,風
02AC,法
02AD,又
02AE,妙
02AF,様
02B0,流
02B1,冷
02B2,覚
02B3,悟
02B4,今
02B5,赦
02B6,弱
02B7,手
02B8,痩
02B9,相
02BA,油
02BB,容
02BC,狼
02BD,以
02BE,引
02BF,雨
02C0,加
02C1,強
02C2,軽
02C3,決
02C4,減
02C5,乞
02C6,口
02C7,降
02C8,少
02C9,上
02CA,然
02CB,組
02CC,息
02CD,待
02CE,知
02CF,着
02D0,張
02D1,度
02D2,当
02D3,匂
02D4,負
02D5,辺
02D6,忙
02D7,野
02D8,預
02D9,理
02DA,郎
02DB,許
02DC,持
02DD,丈
02DE,切
02DF,絶
02E0,操
02E1,対
02E2,大
02E3,逃
02E4,抜
02E5,夫
02E6,我
02E7,確
02E8,願
02E9,気
02EA,詰
02EB,黒
02EC,骨
02ED,私
02EE,慈
02EF,邪
02F0,就
02F1,終
02F2,心
02F3,申
02F4,進
02F5,成
02F6,争
02F7,族
02F8,打
02F9,題
02FA,追
02FB,難
02FC,悲
02FD,伏
02FE,払
02FF,仏
0300,訳
0301,巫
0302,屋
0303,過
0304,仇
0305,向
0306,治
0307,取
0308,出
0309,正
030A,退
030B,置
030C,討
030D,任
030E,戻
030F,意
0310,恐
0311,子
0312,調
0313,父
0314,来
0315,応
0316,荒
0317,合
0318,恨
0319,仔
031A,似
031B,主
031C,晴
031D,地
031E,仲
031F,片
0320,坊
0321,哀
0322,何
0323,帰
0324,貴
0325,鬼
0326,愚
0327,在
0328,死
0329,歯
032A,首
032B,身
032C,衰
032D,世
032E,前
032F,駄
0330,蜘
0331,伝
0332,倒
0333,同
0334,分
0335,立
0336,腕
0337,傀
0338,儡
0339,蛛
033A,遠
033B,際
033C,時
033D,者
033E,只
033F,程
0340,敵
0341,渡
0342,導
0343,拝
0344,背
0345,半
0346,費
0347,娘
0348,虜
0349,愛
034A,刻
034B,事
034C,助
034D,他
034E,物
034F,柄
0350,玉
0351,体
0352,入
0353,返
0354,礼
0355,固
0356,小
0357,食
0358,仙
0359,僧
035A,痛
035B,腹
035C,形
035D,姑
035E,姿
035F,呪
0360,術
0361,占
0362,専
0363,多
0364,奪
0365,忘
0366,門
0367,詛
0368,皮
0369,帽
036A,毛
036B,遊
036C,化
036D,盗
036E,現
036F,華
0370,霞
0371,撹
0372,錫
0373,杖
0374,拌
0375,休
0376,烏
0377,影
0378,猿
0379,王
037A,蝦
037B,餓
037C,干
037D,奇
037E,窮
037F,牛
0380,凶
0381,極
0382,銀
0383,熊
0384,獄
0385,最
0386,山
0387,屍
0388,蛇
0389,獣
038A,親
038B,睡
038C,双
038D,鳥
038E,陶
038F,頭
0390,肉
0391,蛮
0392,舞
0393,霧
0394,面
0395,猛
0396,裏
0397,輪
0398,煉
0399,路
039A,臈
039B,蝠
039C,螂
039D,螳
039E,蜝
039F,蟇
03A0,鵺
03A1,使
03A2,受
03A3,頼
03A4,聞
03A5,困
03A6,個
03A7,昇
03A8,茶
03A9,功
03AA,失
03AB,走
03AC,観
03AD,斬
03AE,念
03AF,優
03B0,字
03B1,変
03B2,元
03B3,遅
03B4,熱
03B5,焼
03B6,草
03B7,団
03B8,餅
03B9,卵
03BA,饅
03BB,握
03BC,飯
03BD,文
03BE,客
03BF,毎
03C0,金
03C1,所
03C2,疾
03C3,速
03C4,檻
03C5,越
03C6,簡
03C7,急
03C8,救
03C9,好
03CA,先
03CB,誰
03CC,単
03CD,長
03CE,殿
03CF,湯
03D0,話
03D1,憑
03D2,男
03D3,欲
03D4,消
03D5,城
03D6,精
03D7,杯
03D8,姫
03D9,役
03DA,露
03DB,却
03DC,界
03DD,嬉
03DE,近
03DF,嫌
03E0,込
03E1,試
03E2,借
03E3,緒
03E4,承
03E5,場
03E6,勢
03E7,妬
03E8,配
03E9,疲
03EA,別
03EB,裕
03EC,余
03ED,両
03EE,避
03EF,考
03F0,国
03F1,吹
03F2,必
03F3,泡
03F4,由
03F5,廃
03F6,墟
03F7,珍
03F8,商
03F9,旅
03FA,市
03FB,探
03FC,買
03FD,売
03FE,起
03FF,突
0400,異
0401,衣
0402,員
0403,羽
0404,煙
0405,塩
0406,下
0407,廻
0408,海
0409,灰
040A,外
040B,害
040C,感
040D,寄
040E,忌
040F,紀
0410,記
0411,吸
0412,旧
0413,偶
0414,賢
0415,呼
0416,後
0417,効
0418,勾
0419,孔
041A,再
041B,才
041C,薩
041D,指
041E,殊
041F,珠
0420,拾
0421,集
0422,除
0423,晶
0424,迅
0425,水
0426,雀
0427,制
0428,製
0429,昔
042A,石
042B,染
042C,選
042D,像
042E,蔵
042F,代
0430,択
0431,転
0432,判
0433,複
0434,弁
0435,補
0436,菩
0437,妨
0438,魔
0439,明
043A,迷
043B,木
043C,友
043D,略
043E,霊
043F,罠
0440,韋
0441,了
0442,反
0443,復
0444,供
0445,鍋
0446,盾
0447,竹
0448,薬
0449,剣
044A,太
044B,短
044C,車
044D,胸
044E,残
044F,憶
0450,老
0451,去
0452,髄
0453,籠
0454,味
0455,喰
0456,創
0457,良
0458,捜
0459,家
045A,洪
045B,安
045C,医
045D,井
045E,恰
045F,巻
0460,危
0461,共
0462,協
0463,教
0464,苦
0465,戸
0466,捨
0467,守
0468,声
0469,喪
046A,帯
046B,特
046C,年
046D,匹
046E,病
046F,付
0470,服
0471,冥
0472,離
0473,連
0474,弓
0475,巾
0476,扇
0477,如
0478,蓬
0479,莱
047A,雷
047B,璃
047C,瑠
047D,脛
047E,鋮
047F,更
0480,装
0481,備
0482,杭
0483,抵
0484,紛
0485,緑
0486,完
0487,器
0488,斎
0489,鍛
048A,仕
048B,蛙
048C,久
048D,狐
048E,光
048F,実
0490,煮
0491,素
0492,童
0493,派
0494,慎
0495,荷
0496,尻
0497,尾
0498,興
0499,兄
049A,臭
049B,弟
049C,英
049D,性
049E,埋
049F,穏
04A0,平
04A1,掛
04A2,居
04A3,皆
04A4,脅
04A5,屈
04A6,技
04A7,隙
04A8,洗
04A9,勘
04AA,有
04AB,朔
04AC,響
04AD,角
04AE,関
04AF,計
04B0,寂
04B1,宵
04B2,冗
04B3,辛
04B4,惜
04B5,責
04B6,談
04B7,秘
04B8,鼻
04B9,怖
04BA,抱
04BB,密
04BC,問
04BD,浴
04BE,留
04BF,漏
04C0,悴
04C1,嗅
04C2,案
04C3,飲
04C4,係
04C5,継
04C6,月
04C7,高
04C8,産
04C9,耳
04CA,新
04CB,穿
04CC,祖
04CD,態
04CE,第
04CF,託
04D0,働
04D1,悩
04D2,縛
04D3,裂
04D4,陰
04D5,隠
04D6,活
04D7,企
04D8,期
04D9,江
04DA,惚
04DB,察
04DC,始
04DD,柴
04DE,書
04DF,乗
04E0,織
04E1,送
04E2,簿
04E3,閉
04E4,母
04E5,末
04E6,約
04E7,令
04E8,永
04E9,怨
04EA,格
04EB,求
04EC,若
04ED,触
04EE,辱
04EF,存
04F0,貸
04F1,届
04F2,望
04F3,眠
04F4,謙
04F5,襲
04F6,遜
04F7,棚
04F8,懲
04F9,義
04FA,腰
04FB,質
04FC,従
04FD,楯
04FE,損
04FF,雲
0500,泣
0501,限
0502,趣
0503,尽
0504,直
0505,潰
0506,都
0507,答
0508,内
0509,珀
050A,琥
050B,育
050C,俺
050D,殻
050E,割
050F,広
0510,酷
0511,差
0512,支
0513,飼
0514,寺
0515,酒
0516,浄
0517,説
0518,虫
0519,朝
051A,夢
051B,黙
051C,惑
051D,壺
051E,穢
051F,蠱
0520,鋭
0521,甘
0522,疑
0523,怯
0524,句
0525,険
0526,告
0527,酸
0528,譲
0529,寝
052A,達
052B,忠
052C,卑
052D,否
052E,美
052F,噂
0530,寒
0531,堺
0532,建
0533,古
0534,雇
0535,根
0536,姉
0537,辞
0538,象
0539,状
053A,色
053B,葬
053C,隊
053D,鎮
053E,塚
053F,土
0540,怒
0541,東
0542,白
0543,伐
0544,非
0545,微
0546,兵
0547,捕
0548,墓
0549,亡
054A,妹
054B,滅
054C,湧
054D,与
054E,祟
054F,暗
0550,闇
0551,塊
0552,骸
0553,局
0554,窟
0555,工
0556,頃
0557,混
0558,細
0559,執
055A,初
055B,深
055C,震
055D,跡
055E,想
055F,臓
0560,点
0561,洞
0562,燃
0563,汎
0564,揚
0565,憐
0566,瘴
0567,圧
0568,威
0569,渦
056A,奥
056B,押
056C,貫
056D,驚
056E,君
056F,孝
0570,硬
0571,刺
0572,靱
0573,増
0574,憎
0575,超
0576,努
0577,読
0578,比
0579,溶
057A,竜
057B,易
057C,殴
057D,暇
057E,岩
057F,飢
0580,狭
0581,掘
0582,幻
0583,菜
0584,湿
0585,修
0586,宿
0587,森
0588,池
0589,漬
058A,呑
058B,泊
058C,畑
058D,犯
058E,貧
058F,暴
0590,和
0591,祀
0592,祠
0593,仮
0594,介
0595,迎
0596,歳
0597,授
0598,春
0599,薪
059A,折
059B,続
059C,耐
059D,晩
059E,未
059F,厄
05A0,恋
05A1,練
05A2,祓
05A3,乙
05A4,儀
05A5,議
05A6,肩
05A7,済
05A8,住
05A9,招
05AA,狙
05AB,亭
05AC,便
05AD,勉
05AE,牝
05AF,免
05B0,養
05B1,里
05B2,論
05B3,柿
05B4,頑
05B5,筋
05B6,遣
05B7,溝
05B8,侍
05B9,床
05BA,巣
05BB,適
05BC,福
05BD,労
05BE,諸
05BF,笑
05C0,奴
05C1,粉
05C2,噛
05C3,芸
05C4,額
05C5,魚
05C6,甲
05C7,雑
05C8,縄
05C9,斐
05CA,稼
05CB,欠
05CC,誇
05CD,芝
05CE,星
05CF,静
05D0,舌
05D1,善
05D2,揃
05D3,餌
05D4,潜
05D5,串
05D6,識
05D7,真
05D8,塗
05D9,納
05DA,婆
05DB,倍
05DC,版
05DD,品
05DE,可
05DF,含
05E0,認
05E1,孤
05E2,轟
05E3,式
05E4,筒
05E5,独
05E6,児
05E7,禁
05E8,夕
05E9,瞬
05EA,慌
05EB,酌
05EC,乏
05ED,量
05EE,域
05EF,益
05F0,戒
05F1,眼
05F2,憩
05F3,罪
05F4,釈
05F5,西
05F6,注
05F7,帝
05F8,吐
05F9,唐
05FA,左
05FB,音
05FC,悔
05FD,絵
05FE,学
05FF,鎌
0600,慣
0601,希
0602,戯
0603,朽
0604,鏡
0605,駆
0606,繰
0607,群
0608,恵
0609,座
060A,塞
060B,策
060C,撮
060D,紙
060E,示
060F,写
0610,社
0611,習
0612,詳
0613,誠
0614,逝
0615,赤
0616,浅
0617,胆
0618,挑
0619,跳
061A,低
061B,等
061C,敏
061D,並
061E,魅
061F,予
0620,葉
0621,絡
0622,涙
0623,弄
0624,鳴
0625,勇
0626,横
0627,機
0628,互
0629,交
062A,至
062B,節
062C,浮
062D,翼
062E,区
062F,扱
0630,吉
0631,砂
0632,巨
0633,呉
0634,公
0635,莫
0636,蟲
0637,贈
0638,接
0639,壷
063A,到
063B,彼
063C,研
063D,賃
063E,拍
063F,評
0640,飽
0641,黄
0642,讐
0643,泉
0644,揺
0645,甦
0646,祭
0647,項
0648,録
0649,覧
064A,午
064B,端
064C,臆
064D,価
064E,災
064F,閲
0650,換
0651,緊
0652,登
0653,投
0654,枚
0655,股
0656,猫
0657,画
0658,周
0659,球
065A,改
065B,盛
065C,繁
065D,■65D
065E,■65E
065F,■65F
0660,■660
0661,■661
0662,■662
0663,■663
0664,■664
0665,■665
0666,■666
0667,■667
0668,■668
0669,■669
066A,■66A
066B,■66B
066C,■66C
066D,■66D
066E,■66E
066F,■66F
0670,■670
0671,■671
0672,■672
0673,■673
0674,■674
0675,■675
0676,■676
0677,■677
0678,■678
0679,■679
067A,■67A
067B,■67B
067C,■67C
067D,■67D
067E,■67E
067F,■67F
0680,■680
0681,■681
0682,■682
0683,■683
0684,■684
0685,■685
0686,■686
0687,■687
0688,■688
0689,■689
068A,■68A
068B,■68B
068C,■68C
068D,■68D
068E,■68E
068F,■68F
0690,■690
0691,■691
0692,■692
0693,■693
0694,■694
0695,■695
0696,■696
0697,■697
0698,■698
0699,■699
069A,■69A
069B,■69B
069C,■69C
069D,■69D
069E,■69E
069F,■69F
06A0,■6A0
06A1,■6A1
06A2,■6A2
06A3,■6A3
06A4,■6A4
06A5,■6A5
06A6,■6A6
06A7,■6A7
06A8,■6A8
06A9,■6A9
06AA,■6AA
06AB,■6AB
06AC,■6AC
06AD,■6AD
06AE,■6AE
06AF,■6AF
06B0,■6B0
06B1,■6B1
06B2,■6B2
06B3,■6B3
06B4,■6B4
06B5,■6B5
06B6,■6B6
06B7,■6B7
06B8,■6B8
06B9,■6B9
06BA,■6BA
06BB,■6BB
06BC,■6BC
06BD,■6BD
06BE,■6BE
06BF,■6BF
06C0,■6C0
06C1,■6C1
06C2,■6C2
06C3,■6C3
06C4,■6C4
06C5,■6C5
06C6,■6C6
06C7,■6C7
06C8,■6C8
06C9,■6C9
06CA,■6CA
06CB,■6CB
06CC,■6CC
06CD,■6CD
06CE,■6CE
06CF,■6CF
06D0,■6D0
06D1,■6D1
06D2,■6D2
06D3,■6D3
06D4,■6D4
06D5,■6D5
06D6,■6D6
06D7,■6D7
06D8,■6D8
06D9,■6D9
06DA,■6DA
06DB,■6DB
06DC,■6DC
06DD,■6DD
06DE,■6DE
06DF,■6DF
06E0,■6E0
06E1,■6E1
06E2,■6E2
06E3,■6E3
06E4,■6E4
06E5,■6E5
06E6,■6E6
06E7,■6E7
06E8,■6E8
06E9,■6E9
06EA,■6EA
06EB,■6EB
06EC,■6EC
06ED,■6ED
06EE,■6EE
06EF,■6EF
06F0,■6F0
06F1,■6F1
06F2,■6F2
06F3,■6F3
06F4,■6F4
06F5,■6F5
06F6,■6F6
06F7,■6F7
06F8,■6F8
06F9,■6F9
06FA,■6FA
06FB,■6FB
06FC,■6FC
06FD,■6FD
06FE,■6FE
06FF,■6FF
REM, VOICE COMMANDS
1300,[SEQ]
1301,[SEQ]
1302,[SEQ]
1303,[SEQ]
1304,[SEQ]
1305,[SEQ]
1306,[SEQ]
1307,[SEQ]
1308,[SEQ]
1309,[SEQ]
130A,[SEQ]
130B,[SEQ]
130C,[SEQ]
130D,[SEQ]
130E,[SEQ]
130F,[SEQ]
130000,[SE_犬夜叉_撃技１]
130100,[SE_犬夜叉_攻撃２]
130200,[SE_犬夜叉_攻撃３]
130300,[SE_犬夜叉_攻撃４]
130400,[SE_犬夜叉_04]
130500,[SE_犬夜叉_05]
130600,[SE_犬夜叉_06]
130700,[SE_犬夜叉_07]
130800,[SE_犬夜叉_08]
130900,[SE_犬夜叉_ターン開始３]
130A00,[SE_犬夜叉_ターン開始４]
130B00,[SE_犬夜叉_0B]
130C00,[SE_犬夜叉_0C]
130D00,[SE_犬夜叉_0D]
130E00,[SE_犬夜叉_0E]
130F00,[SE_犬夜叉_0F]

130001,[SE_かごめ_撃技１]
130101,[SE_かごめ_攻撃２]
130201,[SE_かごめ_攻撃３]
130301,[SE_かごめ_攻撃４]
130401,[SE_かごめ_04]
130501,[SE_かごめ_05]
130601,[SE_かごめ_06]
130701,[SE_かごめ_07]
130801,[SE_かごめ_08]
130901,[SE_かごめ_0B]
130A01,[SE_かごめ_0A]
130B01,[SE_かごめ_0B]
130C01,[SE_かごめ_0C]
130D01,[SE_かごめ_0D_無音]
130E01,[SE_かごめ_0E_無音]
130F01,[SE_かごめ_0F_無音]

130002,[SE_弥勒_撃技１]
130102,[SE_弥勒_攻撃２]
130202,[SE_弥勒_攻撃３]
130302,[SE_弥勒_攻撃４]
130402,[SE_弥勒_04]
130502,[SE_弥勒_05]
130602,[SE_弥勒_06]
130702,[SE_弥勒_07]
130802,[SE_弥勒_08]
130902,[SE_弥勒_0B]
130A02,[SE_弥勒_0A]
130B02,[SE_弥勒_0B]
130C02,[SE_弥勒_0C]
130D02,[SE_弥勒_0D]
130E02,[SE_弥勒_0E]
130F02,[SE_弥勒_0F_無音]

130003,[SE_珊瑚_撃技１]
130103,[SE_珊瑚_攻撃２]
130203,[SE_珊瑚_攻撃３]
130303,[SE_珊瑚_攻撃４]
130403,[SE_珊瑚_04]
130503,[SE_珊瑚_05]
130603,[SE_珊瑚_06]
130703,[SE_珊瑚_07]
130803,[SE_珊瑚_08]
130903,[SE_珊瑚_0B]
130A03,[SE_珊瑚_0A]
130B03,[SE_珊瑚_0B]
130C03,[SE_珊瑚_0C]
130D03,[SE_珊瑚_0D]
130E03,[SE_珊瑚_0E_無音]
130F03,[SE_珊瑚_0F_無音]

130004,[SE_七宝_撃技１]
130104,[SE_七宝_攻撃２]
130204,[SE_七宝_攻撃３]
130304,[SE_七宝_攻撃４]
130404,[SE_七宝_04]
130504,[SE_七宝_05]
130604,[SE_七宝_06]
130704,[SE_七宝_07]
130804,[SE_七宝_08]
130904,[SE_七宝_0B]
130A04,[SE_七宝_0A]
130B04,[SE_七宝_0B]
130C04,[SE_七宝_0C]
130D04,[SE_七宝_0D_無音]
130E04,[SE_七宝_0E_無音]
130F04,[SE_七宝_0F_無音]

130005,[SE_鋼牙_撃技１]
130105,[SE_鋼牙_攻撃２]
130205,[SE_鋼牙_攻撃３]
130305,[SE_鋼牙_攻撃４]
130405,[SE_鋼牙_04]
130505,[SE_鋼牙_05]
130605,[SE_鋼牙_06]
130705,[SE_鋼牙_07]
130805,[SE_鋼牙_08]
130905,[SE_鋼牙_0B]
130A05,[SE_鋼牙_0A]
130B05,[SE_鋼牙_0B]
130C05,[SE_鋼牙_0C]
130D05,[SE_鋼牙_0D]
130E05,[SE_鋼牙_0E]
130F05,[SE_鋼牙_0F]

130006,[SE_桔梗_撃技１]
130106,[SE_桔梗_攻撃２]
130206,[SE_桔梗_攻撃３]
130306,[SE_桔梗_攻撃４]
130406,[SE_桔梗_04]
130506,[SE_桔梗_05]
130606,[SE_桔梗_06]
130706,[SE_桔梗_07]
130806,[SE_桔梗_08]
130906,[SE_桔梗_0B]
130A06,[SE_桔梗_0A]
130B06,[SE_桔梗_0B]
130C06,[SE_桔梗_0C]
130D06,[SE_桔梗_0D]
130E06,[SE_桔梗_0E]
130F06,[SE_桔梗_0F]

130007,[SE_殺生丸_撃技１]
130107,[SE_殺生丸_攻撃２]
130207,[SE_殺生丸_攻撃３]
130307,[SE_殺生丸_攻撃４]
130407,[SE_殺生丸_04]
130507,[SE_殺生丸_05]
130607,[SE_殺生丸_06]
130707,[SE_殺生丸_07]
130807,[SE_殺生丸_08]
130907,[SE_殺生丸_0B]
130A07,[SE_殺生丸_0A]
130B07,[SE_殺生丸_0B]
130C07,[SE_殺生丸_0C]
130D07,[SE_殺生丸_0D]
130E07,[SE_殺生丸_0E]
130F07,[SE_殺生丸_0F]

130008,[SE_神楽_撃技１]
130108,[SE_神楽_攻撃２]
130208,[SE_神楽_攻撃３]
130308,[SE_神楽_攻撃４]
130408,[SE_神楽_04]
130508,[SE_神楽_05]
130608,[SE_神楽_06]
130708,[SE_神楽_07]
130808,[SE_神楽_08]
130908,[SE_神楽_0B]
130A08,[SE_神楽_0A]
130B08,[SE_神楽_0B]
130C08,[SE_神楽_0C]
130D08,[SE_神楽_0D]
130E08,[SE_神楽_0E]
130F08,[SE_神楽_0F]

130009,[SE_奈落_撃技１]
130109,[SE_奈落_攻撃２]
130209,[SE_奈落_攻撃３]
130309,[SE_奈落_攻撃４]
130409,[SE_奈落_04]
130509,[SE_奈落_05]
130609,[SE_奈落_06]
130709,[SE_奈落_07]
130809,[SE_奈落_08]
130909,[SE_奈落_0B]
130A09,[SE_奈落_0A]
130B09,[SE_奈落_0B]
130C09,[SE_奈落_0C]
130D09,[SE_奈落_0D]
130E09,[SE_奈落_0E]
130F09,[SE_奈落_0F]